ID,CLASS
9156739011499789258.jpg,nyamachoma
2049465964503133373.jpg,matoke
6446998501027132988.jpg,nyamachoma
4194396063119815321.jpg,matoke
9018117998187006009.jpg,nyamachoma
6246759883907852128.jpg,nyamachoma
16478122708528316044.jpg,nyamachoma
14045745760440690312.jpg,githeri
7872954221890963019.jpg,nyamachoma
4868486697531317477.jpg,nyamachoma
1553184083042063886.jpg,matoke
16150381593558613667.jpg,matoke
10748063253389367191.jpg,matoke
7678641842478065807.jpg,matoke
1836395629110611498.jpg,nyamachoma
7012179965129100386.jpg,nyamachoma
10845272713647403861.jpg,matoke
12076092859851631966.jpg,nyamachoma
4274441265593863943.jpg,nyamachoma
378295533330079115.jpg,nyamachoma
11993608360875146910.jpg,matoke
15124601588601977470.jpg,matoke
14510735002641936346.jpg,matoke
3551710730860252797.jpg,matoke
9747940763924069508.jpg,nyamachoma
14524516184482112107.jpg,matoke
14972385907001542357.jpg,matoke
11525666882164779739.jpg,matoke
12352579916842867652.jpg,nyamachoma
6381810042027465099.jpg,nyamachoma
1820280516107246454.jpg,nyamachoma
3386800443469418132.jpg,matoke
4711036524470639280.jpg,matoke
12768257978219958878.jpg,githeri
16957067880792897424.jpg,matoke
7136939377674940311.jpg,nyamachoma
8116123868165089883.jpg,matoke
12714720349333631297.jpg,matoke
13250986353851418035.jpg,matoke
12177996140980390810.jpg,matoke
12890258924022188867.jpg,nyamachoma
15017846103792770311.jpg,matoke
13406266595115779191.jpg,nyamachoma
8064953204903028586.jpg,nyamachoma
5069828705950569129.jpg,nyamachoma
10110582739476753591.jpg,matoke
12295810728359605251.jpg,githeri
6901262699491525201.jpg,nyamachoma
18345681561108186439.jpg,matoke
14180072963460703831.jpg,nyamachoma
7817844030831091189.jpg,nyamachoma
1014758634312903488.jpg,matoke
12190229724565779094.jpg,matoke
14262882924647087716.jpg,matoke
1106694991546983314.jpg,githeri
2824555299549354995.jpg,matoke
15008606007081715042.jpg,nyamachoma
15074122413915912633.jpg,matoke
17237943203754196098.jpg,bhaji
11750276302507587184.jpg,nyamachoma
988574772261623475.jpg,matoke
2910467219646285575.jpg,matoke
982109183056815075.jpg,nyamachoma
5993711308710164914.jpg,matoke
10891132468026687488.jpg,matoke
5561760193647370049.jpg,matoke
11933447057896498110.jpg,nyamachoma
18403896937644910866.jpg,matoke
1173586271487070643.jpg,matoke
11494506886140471019.jpg,nyamachoma
13106084860451128932.jpg,matoke
16613706322518465182.jpg,matoke
13553859105330776750.jpg,matoke
3335148740868677310.jpg,nyamachoma
12831757841808404416.jpg,nyamachoma
8196388079885693776.jpg,matoke
10535164608254533949.jpg,matoke
10954539690037219490.jpg,matoke
4059811277090856517.jpg,matoke
9388962691197438734.jpg,nyamachoma
13843672218362106083.jpg,nyamachoma
16562815677981514851.jpg,nyamachoma
13517487854360157108.jpg,matoke
13319384938647182256.jpg,nyamachoma
16273186685497510505.jpg,matoke
1697974532803824405.jpg,nyamachoma
16903252693459438162.jpg,nyamachoma
1969860806706222385.jpg,masalachips
16346221003002318158.jpg,nyamachoma
12431941384907995104.jpg,matoke
5634936085032883235.jpg,nyamachoma
6919287004125397271.jpg,nyamachoma
761270166752000015.jpg,nyamachoma
2297886573487684944.jpg,matoke
8122302957309708656.jpg,nyamachoma
10797822793240488233.jpg,matoke
1686713138475937211.jpg,matoke
12304585492801821345.jpg,nyamachoma
15549099511346145382.jpg,matoke
5134535133102715871.jpg,matoke
14534943687071186959.jpg,nyamachoma
3661055381603002730.jpg,matoke
17265890521318489894.jpg,githeri
3400137384372973994.jpg,matoke
14977836354102447397.jpg,matoke
9783693169806472726.jpg,nyamachoma
1357774156620403185.jpg,githeri
8252559831012063925.jpg,nyamachoma
11626675398845327226.jpg,matoke
12165321421457961757.jpg,nyamachoma
2639891745231154257.jpg,nyamachoma
11243847040700125467.jpg,matoke
1173020092299634974.jpg,nyamachoma
13783194148085135188.jpg,matoke
15091543643924590227.jpg,matoke
8685939564181023847.jpg,matoke
18339339599291781704.jpg,matoke
16008198301773137843.jpg,nyamachoma
8981669783289304769.jpg,nyamachoma
2091586883237847738.jpg,matoke
14977720817061600083.jpg,matoke
11535783017487666377.jpg,matoke
9470207748503241447.jpg,nyamachoma
383985176186318350.jpg,matoke
3329821741742186938.jpg,matoke
691689698043245695.jpg,matoke
16261532715470619259.jpg,matoke
2836541796130738193.jpg,nyamachoma
10973711001735621347.jpg,nyamachoma
5626538573426609586.jpg,nyamachoma
13821488647740832481.jpg,nyamachoma
8542395356535003059.jpg,nyamachoma
11056899456295591592.jpg,matoke
8603847493940663559.jpg,matoke
5273979289374794223.jpg,matoke
4666889333254385141.jpg,matoke
11608483177445666809.jpg,nyamachoma
3351352079149286272.jpg,githeri
15911324942732885782.jpg,matoke
15314143806655733248.jpg,matoke
15620030317225182783.jpg,nyamachoma
1115228811319201106.jpg,nyamachoma
15036260053820178320.jpg,nyamachoma
6255168012794566642.jpg,matoke
5359860056357259916.jpg,matoke
8510036279344254906.jpg,matoke
13433362408458218349.jpg,matoke
9177832684280818731.jpg,nyamachoma
14698117972999685745.jpg,nyamachoma
12196416060090351959.jpg,matoke
7190465626661991478.jpg,matoke
15332892200993368190.jpg,githeri
15690765801804992630.jpg,nyamachoma
10102135989223399039.jpg,matoke
8422818151717390944.jpg,nyamachoma
9959793093699039658.jpg,matoke
12190482841788287969.jpg,nyamachoma
17288124010928133768.jpg,matoke
10748354524868351672.jpg,matoke
8366853423763282151.jpg,matoke
1783605112612427915.jpg,matoke
14171265242887745988.jpg,matoke
1475593175992332077.jpg,matoke
13585512538775023364.jpg,nyamachoma
5266706443640987761.jpg,matoke
11886108908787234100.jpg,matoke
4418741899287152795.jpg,nyamachoma
12123628312093621035.jpg,nyamachoma
13628448682521713100.jpg,matoke
17918549253947459126.jpg,githeri
8836295853288823747.jpg,matoke
12563942188259613277.jpg,nyamachoma
7279049750008194702.jpg,matoke
15008498520128955330.jpg,nyamachoma
10480333472611798096.jpg,matoke
12328727869028574419.jpg,nyamachoma
7471730227220449048.jpg,nyamachoma
2893998969832300199.jpg,nyamachoma
14068111136860818040.jpg,matoke
11141297177585788700.jpg,nyamachoma
13014842969128712002.jpg,matoke
13395793322365795428.jpg,matoke
6377591373614883913.jpg,matoke
397792304508206428.jpg,matoke
13437902355558957450.jpg,matoke
5973698746249271789.jpg,matoke
13651203668939430381.jpg,matoke
16435542866281203198.jpg,nyamachoma
15851485436682147775.jpg,nyamachoma
7903242276198010604.jpg,matoke
13813539405832200604.jpg,nyamachoma
8457914491089307501.jpg,matoke
16200589865827271682.jpg,githeri
17725084622075378553.jpg,matoke
5042902231190736409.jpg,matoke
7622877246147659431.jpg,nyamachoma
13382607997436886168.jpg,nyamachoma
7058867706280603036.jpg,matoke
9843029272490566120.jpg,nyamachoma
2026656771021130366.jpg,githeri
3418538388241751958.jpg,matoke
6646785428062490064.jpg,matoke
9345882131302789141.jpg,matoke
7543536850118167079.jpg,nyamachoma
18423764079108289895.jpg,matoke
2613711888083304420.jpg,nyamachoma
16330529712295811220.jpg,nyamachoma
7108722249194400867.jpg,matoke
1636060190432298371.jpg,githeri
1024172349080163166.jpg,githeri
11967799842762378865.jpg,nyamachoma
14508043394830310397.jpg,nyamachoma
15771718359736361195.jpg,nyamachoma
17093854010278610007.jpg,matoke
12339291527051578818.jpg,nyamachoma
4344362503327457770.jpg,matoke
1736742007286049237.jpg,nyamachoma
9659856526867382870.jpg,matoke
8482449136638770916.jpg,nyamachoma
13447044253231711526.jpg,matoke
18401324197708093617.jpg,matoke
154626877971440280.jpg,matoke
9819034861576548052.jpg,nyamachoma
10311739361957857118.jpg,nyamachoma
5910870249936252255.jpg,matoke
408683412081536185.jpg,githeri
6473465927283239851.jpg,nyamachoma
17254491036980948864.jpg,matoke
14401677604126188523.jpg,matoke
8294502953688426341.jpg,matoke
10221522431636914443.jpg,matoke
7345761039440091897.jpg,matoke
11028217028893474809.jpg,matoke
3739531203182583081.jpg,matoke
9979392188478154008.jpg,nyamachoma
8213365026002176366.jpg,nyamachoma
12283111740174705307.jpg,matoke
14039380239746367820.jpg,matoke
1033086413179005018.jpg,nyamachoma
7028835726053781767.jpg,nyamachoma
15688539211367505590.jpg,matoke
17511719856616651463.jpg,matoke
5778209842554051444.jpg,nyamachoma
9715825811539818915.jpg,nyamachoma
4019893388986937213.jpg,matoke
10491256178322529476.jpg,matoke
4514380664411721924.jpg,matoke
1863175047210509183.jpg,matoke
9419250458836193428.jpg,matoke
17427226605692675584.jpg,nyamachoma
14360740897193017434.jpg,matoke
4924198701699246678.jpg,nyamachoma
5141063033752835127.jpg,matoke
2327011646705567959.jpg,matoke
18256609712454655569.jpg,nyamachoma
4628206316993090341.jpg,nyamachoma
15577853985026801001.jpg,nyamachoma
357223172315723285.jpg,matoke
6227504259881409259.jpg,matoke
15236417011922871300.jpg,matoke
13251224800333445142.jpg,nyamachoma
18216292475905094676.jpg,nyamachoma
6704970097468892762.jpg,nyamachoma
10803788572811639770.jpg,matoke
9798429900990795864.jpg,matoke
17846448057344912879.jpg,matoke
512923677288863455.jpg,matoke
13534564745582724884.jpg,matoke
1761202656439641211.jpg,nyamachoma
1779013345779834610.jpg,nyamachoma
11134487749526925893.jpg,matoke
6874974879389748486.jpg,nyamachoma
2008482944638019636.jpg,nyamachoma
5290911765478588910.jpg,matoke
9718148789833698568.jpg,matoke
2713791089243901225.jpg,matoke
9141685386751923865.jpg,nyamachoma
3584273011486933977.jpg,nyamachoma
647900954527732216.jpg,matoke
9460231234957825525.jpg,nyamachoma
3647449053075634130.jpg,nyamachoma
1483732360027030920.jpg,matoke
1315418192411844186.jpg,matoke
1845965701232541193.jpg,nyamachoma
7221783998263486163.jpg,matoke
11274329368194161236.jpg,matoke
16932310213626556353.jpg,matoke
12721335060755333946.jpg,matoke
9031664819701623403.jpg,matoke
13775877460659507506.jpg,matoke
15488577862285772385.jpg,matoke
7208747626207752318.jpg,matoke
750003662509149172.jpg,matoke
13269206833477599083.jpg,matoke
11229408752474581458.jpg,matoke
11706451632744487001.jpg,nyamachoma
4810507330944834146.jpg,nyamachoma
8777416531750857172.jpg,matoke
14869198847112256801.jpg,nyamachoma
5377424266929477918.jpg,nyamachoma
11826188387011913224.jpg,matoke
4887697901295530264.jpg,matoke
2227367520876552687.jpg,matoke
5842161939701625540.jpg,matoke
1844495863342443673.jpg,nyamachoma
15133695366550968682.jpg,matoke
1510922567410133293.jpg,nyamachoma
15809849087520119899.jpg,matoke
11633379313373654772.jpg,matoke
11995486685038660626.jpg,matoke
14418888052034006622.jpg,matoke
18043195612774591569.jpg,matoke
17232204708171768578.jpg,githeri
12478415505890487683.jpg,matoke
4481342611008844605.jpg,nyamachoma
13762088470187101263.jpg,nyamachoma
15420066193900048627.jpg,matoke
10256780869845093755.jpg,nyamachoma
14751183694236241016.jpg,nyamachoma
10601495795550038385.jpg,nyamachoma
11967373751660434844.jpg,nyamachoma
11326839832877371856.jpg,matoke
6101485270037891519.jpg,githeri
4652564753816464734.jpg,nyamachoma
10551512450149335925.jpg,matoke
13479425059802666179.jpg,nyamachoma
4081630355592203827.jpg,matoke
13614126059644421646.jpg,matoke
14149955071751662071.jpg,matoke
15480299189183376248.jpg,matoke
9110028199964653480.jpg,matoke
3947168929876946164.jpg,matoke
14977719907677045909.jpg,nyamachoma
7064840039907742753.jpg,matoke
193014184896406570.jpg,nyamachoma
10339228361504636930.jpg,matoke
13977737450013523872.jpg,nyamachoma
11343589069114007636.jpg,matoke
17806668235125090499.jpg,matoke
17744659393778354376.jpg,nyamachoma
15923937039872096342.jpg,nyamachoma
10288717483743612585.jpg,matoke
7364447289823250077.jpg,nyamachoma
14507826452339696121.jpg,matoke
7681771338411937920.jpg,matoke
14409722843287822376.jpg,matoke
5094477862743936636.jpg,bhaji
671684490123721932.jpg,matoke
10504912205528049568.jpg,nyamachoma
9418712822200217869.jpg,matoke
12660353753615869358.jpg,nyamachoma
5554288459467044185.jpg,nyamachoma
1514148605272563452.jpg,nyamachoma
11436000120645512306.jpg,nyamachoma
16299062930688223105.jpg,matoke
11338539282675200623.jpg,matoke
1786854575084752331.jpg,matoke
4269292328271167690.jpg,matoke
11337580954633840380.jpg,nyamachoma
9559460088167296467.jpg,nyamachoma
13355321050336751346.jpg,nyamachoma
1873328236194141577.jpg,nyamachoma
15313076560374808804.jpg,matoke
17503305627836209893.jpg,nyamachoma
5207944820989100906.jpg,nyamachoma
9464277099030727272.jpg,matoke
8646363607211597576.jpg,nyamachoma
15612062029096667719.jpg,nyamachoma
3631180427842360203.jpg,matoke
7864121173869884240.jpg,matoke
9483664308571127021.jpg,nyamachoma
11456538388715881358.jpg,matoke
2045401121454521681.jpg,matoke
9650672577969928643.jpg,matoke
5687693015126449094.jpg,nyamachoma
17268932542209018929.jpg,nyamachoma
15296918300215415117.jpg,nyamachoma
17385307640579501917.jpg,matoke
15784926491953258851.jpg,nyamachoma
171227099262874892.jpg,matoke
3084863096205939308.jpg,matoke
18293107613277886932.jpg,matoke
5020194932336647377.jpg,nyamachoma
15413941144267748757.jpg,nyamachoma
8812864679133922881.jpg,matoke
9509834420565330681.jpg,matoke
8070398107115864960.jpg,githeri
58603927811041952.jpg,matoke
7271351025798223449.jpg,matoke
1370022267746356756.jpg,nyamachoma
1722419049703004856.jpg,matoke
17093341382563500450.jpg,matoke
15210759296054570135.jpg,nyamachoma
17752160307677920947.jpg,nyamachoma
11474789851827593263.jpg,matoke
16248144946733558995.jpg,matoke
6344293456587478249.jpg,bhaji
8436191237338367818.jpg,nyamachoma
5532447134573461004.jpg,matoke
6202881953111685417.jpg,matoke
18284473261399416282.jpg,matoke
4367770269008602819.jpg,nyamachoma
17425729619528845318.jpg,nyamachoma
3320564052696386260.jpg,nyamachoma
17128961191243831995.jpg,nyamachoma
12749715907909482115.jpg,nyamachoma
688663478550263666.jpg,matoke
930236947628925041.jpg,nyamachoma
4146008112016168642.jpg,matoke
8982974588876029828.jpg,matoke
6644739788578686558.jpg,nyamachoma
3580451554644108530.jpg,matoke
2551816884134606780.jpg,nyamachoma
15844167304487176808.jpg,nyamachoma
17787049892774459992.jpg,nyamachoma
16380946673821752034.jpg,matoke
16107650016171559861.jpg,nyamachoma
6686330795392911430.jpg,githeri
7632548321121845670.jpg,matoke
3602334317428057815.jpg,matoke
16362870378604418258.jpg,matoke
672727354585566109.jpg,nyamachoma
18415104579862975326.jpg,matoke
11584846466132646723.jpg,nyamachoma
8199546024210931840.jpg,nyamachoma
16856439956069557065.jpg,matoke
11009355379742773932.jpg,nyamachoma
73585503001692948.jpg,matoke
9663194316061248222.jpg,matoke
15152155025166295083.jpg,matoke
18107350579341218870.jpg,matoke
5035465744270742439.jpg,matoke
2728254238930715983.jpg,matoke
15196825795726720908.jpg,matoke
17811283064377029460.jpg,matoke
6283693902335659180.jpg,matoke
11570361516996432272.jpg,matoke
7454000247671709039.jpg,nyamachoma
12533434704225311496.jpg,matoke
12429188656729245881.jpg,nyamachoma
9696576710454819443.jpg,nyamachoma
4695272267228050823.jpg,matoke
1190904870294331237.jpg,matoke
14352737897122827394.jpg,matoke
8643762829682282904.jpg,bhaji
5027742189550437393.jpg,matoke
16968451424473401787.jpg,nyamachoma
17631355737332511323.jpg,nyamachoma
8944558198022156081.jpg,matoke
5906402380945584030.jpg,matoke
14588723242839554524.jpg,matoke
4957928776583762112.jpg,matoke
15681490616909511082.jpg,nyamachoma
3098084457190322716.jpg,matoke
18162464105777535071.jpg,matoke
14774608777583701279.jpg,matoke
5316185716959181239.jpg,matoke
4532578860509387579.jpg,nyamachoma
7503918163130415845.jpg,matoke
1874263454507016479.jpg,matoke
16892044434778607840.jpg,matoke
5456650143577914196.jpg,matoke
11928092208330908057.jpg,githeri
5747400618053435146.jpg,nyamachoma
5098735543608280733.jpg,matoke
825702726106671707.jpg,matoke
14469062941266525119.jpg,nyamachoma
6644158974310118572.jpg,matoke
16405252168285728336.jpg,matoke
3726353820898441497.jpg,matoke
12462405995319637502.jpg,matoke
12117591841116020342.jpg,matoke
8395607170213023786.jpg,matoke
4061257205067629978.jpg,nyamachoma
6694320234818592489.jpg,matoke
69199137113489455.jpg,matoke
7221985143260268979.jpg,matoke
1308405771024117947.jpg,matoke
15485518962054818769.jpg,matoke
15306443292675736537.jpg,matoke
15265065584326275962.jpg,nyamachoma
6500484835004684461.jpg,matoke
11273007305087293207.jpg,bhaji
8045826470581464503.jpg,nyamachoma
1864727275683354447.jpg,matoke
15982728669335550431.jpg,matoke
10230038748281830358.jpg,matoke
11690744022751122119.jpg,nyamachoma
3425406512000145378.jpg,matoke
14794431530485533532.jpg,matoke
1278095148647623582.jpg,githeri
13500013090806477875.jpg,matoke
13928378446623884919.jpg,nyamachoma
96776047111586538.jpg,nyamachoma
15128827535193084602.jpg,githeri
971150236775003747.jpg,matoke
4005754432901553386.jpg,matoke
15509987023060187858.jpg,matoke
11403697091659910322.jpg,nyamachoma
14311250949158129655.jpg,matoke
4971343206369877088.jpg,matoke
10616076561470538769.jpg,nyamachoma
16482573853302461184.jpg,nyamachoma
2049517581197700435.jpg,matoke
9325269790432007572.jpg,nyamachoma
8749038216842113876.jpg,matoke
1399298471813775374.jpg,matoke
10339445144891593406.jpg,nyamachoma
13940543650736546476.jpg,nyamachoma
9537299342678615272.jpg,matoke
5692273483773550723.jpg,nyamachoma
18321039363009355286.jpg,matoke
10713202486153775113.jpg,matoke
10173313192655643896.jpg,nyamachoma
8864144451303122104.jpg,nyamachoma
18321708560046574932.jpg,matoke
6758093151306969942.jpg,matoke
11641094941268581672.jpg,nyamachoma
10528645622792142544.jpg,matoke
15525226038135404760.jpg,matoke
13941062316169308071.jpg,matoke
15230146045255249246.jpg,matoke
18267632306122203480.jpg,matoke
11940823392168682155.jpg,matoke
6302495690421637982.jpg,nyamachoma
11649028343893710995.jpg,nyamachoma
11899337070914149329.jpg,nyamachoma
10407250256484575073.jpg,matoke
6582452949275389646.jpg,matoke
5664138533187591675.jpg,githeri
6541669301708849760.jpg,matoke
2694031632012288342.jpg,matoke
5941221229349444483.jpg,matoke
13130517454188646276.jpg,chapati
9302721997592942791.jpg,matoke
5108614074384230569.jpg,matoke
18316035234112861730.jpg,matoke
1385496500998660673.jpg,matoke
11144507773392113142.jpg,nyamachoma
12386083533968767880.jpg,matoke
15711053061372693625.jpg,nyamachoma
8924339916156119511.jpg,matoke
7692224407249149543.jpg,matoke
2431259698267335558.jpg,nyamachoma
18137002209462925587.jpg,matoke
3128542894118292572.jpg,matoke
5293350080522344635.jpg,matoke
594749869939278888.jpg,nyamachoma
2970146313928564521.jpg,matoke
5962248642882144950.jpg,matoke
9412204221775165702.jpg,matoke
2556254428325141139.jpg,matoke
1624628203647259441.jpg,matoke
18082384823003118705.jpg,githeri
7445824523945345833.jpg,nyamachoma
190583790112789153.jpg,matoke
11596236335844142683.jpg,matoke
5030324776614681870.jpg,matoke
12074429365762101140.jpg,nyamachoma
12848194191340681404.jpg,matoke
6685890812242316635.jpg,matoke
10475097977441005546.jpg,matoke
113551969029114053.jpg,matoke
14156508233128764200.jpg,matoke
5405317766980936508.jpg,nyamachoma
15791856405164437400.jpg,nyamachoma
12283929423234404748.jpg,nyamachoma
11530854430921755767.jpg,nyamachoma
11213160321815852433.jpg,matoke
8678673742576225342.jpg,matoke
13320788895241148258.jpg,matoke
6047348548014323691.jpg,matoke
9105198149579994995.jpg,githeri
5724468328178054074.jpg,matoke
13030798924629492933.jpg,matoke
10205244452050272005.jpg,matoke
1249070716387127720.jpg,nyamachoma
87210343417660317.jpg,matoke
14838065746498510182.jpg,matoke
2478864473815020893.jpg,matoke
18077818944344288808.jpg,nyamachoma
6661046174535087529.jpg,matoke
1952725610792777429.jpg,matoke
17432578408954224623.jpg,matoke
16733507603041909653.jpg,nyamachoma
3495662739256532804.jpg,matoke
8401562721939660447.jpg,nyamachoma
9622201905220482849.jpg,matoke
63625948565734799.jpg,nyamachoma
12783032832594175398.jpg,nyamachoma
10016255734584487617.jpg,nyamachoma
14240476305046308115.jpg,matoke
18163819724578571188.jpg,nyamachoma
7498296764986325048.jpg,matoke
107237062910247483.jpg,matoke
10255648894052535135.jpg,matoke
11952985267683224487.jpg,nyamachoma
14002663410851072019.jpg,matoke
7966594966604130128.jpg,matoke
6682507767458170780.jpg,matoke
14975855235003076153.jpg,nyamachoma
14644963988026730156.jpg,nyamachoma
14733818526001033426.jpg,matoke
3890266393469848568.jpg,matoke
17845059770439246665.jpg,nyamachoma
3793125430018403920.jpg,githeri
15018645075741600595.jpg,matoke
14869098652331542245.jpg,matoke
14883350799668408092.jpg,githeri
2163825923568549722.jpg,nyamachoma
6073958115800953294.jpg,matoke
9983143109257055319.jpg,nyamachoma
6746562500781838043.jpg,bhaji
13507811531970908780.jpg,matoke
8362318401527894099.jpg,matoke
1146082121229055859.jpg,matoke
1609143050607389938.jpg,matoke
9744777344956312944.jpg,matoke
5588139849031514895.jpg,matoke
11020565079782254191.jpg,matoke
3607672110942257674.jpg,nyamachoma
1398183371348896545.jpg,matoke
11044867619383050343.jpg,nyamachoma
6827689740719250982.jpg,matoke
17957050181611602287.jpg,nyamachoma
10417553581850764656.jpg,matoke
16468968984286559123.jpg,matoke
699206164563426944.jpg,nyamachoma
14637370724708344224.jpg,matoke
1261318722338624942.jpg,nyamachoma
3061810934794548394.jpg,matoke
1697740580442690826.jpg,nyamachoma
14982433425707378904.jpg,nyamachoma
10707672208559554989.jpg,nyamachoma
11044581937949087098.jpg,nyamachoma
15174454883199729114.jpg,matoke
15781013442978420992.jpg,githeri
10344999206857056903.jpg,nyamachoma
1255838052347703913.jpg,nyamachoma
3128569738018489091.jpg,matoke
13206921344428048576.jpg,nyamachoma
14821606558201435649.jpg,matoke
11169730427123105877.jpg,matoke
6935090551980744441.jpg,matoke
2075669848385099186.jpg,matoke
3396833193198700680.jpg,matoke
7903645926835307909.jpg,nyamachoma
8131343961915104980.jpg,nyamachoma
5572067514111382278.jpg,nyamachoma
18130385372494771245.jpg,matoke
16014255725798508949.jpg,nyamachoma
17678401718186637352.jpg,nyamachoma
8464218233091680668.jpg,nyamachoma
13198348573316800472.jpg,matoke
10619929827387197798.jpg,nyamachoma
4483848793587466732.jpg,matoke
14646216953902787580.jpg,matoke
14885818782999856641.jpg,matoke
2763233031761903091.jpg,matoke
14433107744050567709.jpg,matoke
929547668789122424.jpg,matoke
2224981444106704933.jpg,matoke
18426943923391956361.jpg,nyamachoma
12675696889000557268.jpg,nyamachoma
15791703871751245807.jpg,nyamachoma
10519153448070663082.jpg,matoke
7110786576969486032.jpg,matoke
15662555471234479295.jpg,bhaji
2041918257774488258.jpg,matoke
7798119164090028747.jpg,nyamachoma
16863679609295193704.jpg,bhaji
5217401552568716653.jpg,matoke
8900485242932497652.jpg,bhaji
15010872175872627302.jpg,matoke
4015243674580015337.jpg,nyamachoma
14329999749436931016.jpg,nyamachoma
2299237642879591215.jpg,nyamachoma
5677145000661758740.jpg,matoke
3626183809635328010.jpg,matoke
15544679750857647773.jpg,matoke
15977602221596961242.jpg,matoke
17587312988469419512.jpg,nyamachoma
10795359869992181027.jpg,nyamachoma
2473792716552828424.jpg,matoke
13229977937927150508.jpg,nyamachoma
16777923082017237424.jpg,matoke
16941361751969582812.jpg,matoke
8296176228461347242.jpg,githeri
2551679508373319620.jpg,bhaji
1682467021062503279.jpg,matoke
10980185564964092888.jpg,bhaji
3592778677403097463.jpg,matoke
6512875783777128377.jpg,matoke
16900522038743265235.jpg,matoke
16628438556945881387.jpg,nyamachoma
15756845896695767480.jpg,bhaji
11723940602129810871.jpg,nyamachoma
2499934345403541782.jpg,matoke
13792572633518521255.jpg,matoke
11540687631499223797.jpg,matoke
12893931851747442508.jpg,nyamachoma
1312543806639876521.jpg,nyamachoma
15656915889418040474.jpg,matoke
9914489783185702567.jpg,bhaji
14689699371785903046.jpg,matoke
5630174982559132715.jpg,nyamachoma
3526683385051753766.jpg,matoke
3819860595815022491.jpg,nyamachoma
14289595034224601327.jpg,matoke
4094609919090026678.jpg,matoke
18414875746619865974.jpg,matoke
16215118427448248795.jpg,matoke
189575286464021791.jpg,nyamachoma
2536449809862951899.jpg,matoke
13552367371481848242.jpg,matoke
13493423979918447741.jpg,nyamachoma
6482224277738774779.jpg,matoke
15984341305404319383.jpg,nyamachoma
8330809471224801845.jpg,bhaji
14184832650243842139.jpg,matoke
6737403195775566481.jpg,matoke
7281277701967518313.jpg,nyamachoma
6031163483739452341.jpg,matoke
9151595898610176548.jpg,nyamachoma
14954270823585947476.jpg,nyamachoma
8224140705519034519.jpg,matoke
3133172326519773057.jpg,bhaji
15181524804269396907.jpg,matoke
9549488084638141068.jpg,nyamachoma
1006060013086312085.jpg,matoke
9914086191783929943.jpg,matoke
1012540739795173529.jpg,nyamachoma
18338581703934103416.jpg,matoke
17894731876393806340.jpg,nyamachoma
16683593917678038805.jpg,nyamachoma
4177592678758114705.jpg,matoke
2407911456049994585.jpg,nyamachoma
6798074854550619405.jpg,matoke
2955804291129147538.jpg,matoke
8610771667677140612.jpg,matoke
2589418739594187454.jpg,matoke
14771953169442246108.jpg,matoke
9605848492862836796.jpg,matoke
17798498189032749418.jpg,matoke
10729862377049274337.jpg,matoke
18239911496208305896.jpg,nyamachoma
13172261710344007662.jpg,nyamachoma
2247466778915529376.jpg,nyamachoma
4404476756115290291.jpg,matoke
13452690258779666660.jpg,nyamachoma
876050976153399850.jpg,matoke
14330512687843128887.jpg,matoke
16005804452728780221.jpg,matoke
9407793000171090428.jpg,nyamachoma
292802461187707446.jpg,matoke
14518567795193307057.jpg,matoke
5230840419835044379.jpg,matoke
7596800488769036423.jpg,matoke
1428727541408651019.jpg,matoke
10993245191893468779.jpg,matoke
17696150560205563525.jpg,nyamachoma
4725812552826592991.jpg,matoke
4216873989078305768.jpg,nyamachoma
17864066076414752915.jpg,matoke
180880180783328209.jpg,matoke
15294536547736352103.jpg,matoke
8923888819604027132.jpg,nyamachoma
326430668864825278.jpg,nyamachoma
18015840738198286236.jpg,nyamachoma
103036780097863920.jpg,nyamachoma
14075656350798247702.jpg,nyamachoma
9121483248452255010.jpg,matoke
13629136560418963455.jpg,matoke
3835631916358812569.jpg,matoke
7731995542456206558.jpg,nyamachoma
17499789004943031109.jpg,nyamachoma
10532083228859767991.jpg,nyamachoma
12814409014851519046.jpg,githeri
10697004676217407233.jpg,matoke
15929465992836972617.jpg,matoke
1138106990904529981.jpg,nyamachoma
4137254480648939754.jpg,matoke
1098023235865464920.jpg,matoke
12693635314941678375.jpg,matoke
494191127987467647.jpg,bhaji
10710744428241805292.jpg,matoke
1331948340791588617.jpg,matoke
17155176596608139776.jpg,matoke
14759274639870568932.jpg,matoke
1816737487158588663.jpg,nyamachoma
5340609640658124121.jpg,matoke
15499739773845712139.jpg,nyamachoma
6285401122803073793.jpg,nyamachoma
12228548014114347637.jpg,matoke
8981686928535387831.jpg,nyamachoma
54261387083828189.jpg,matoke
1415597112341674171.jpg,matoke
11914821150418780901.jpg,matoke
7603932903567200733.jpg,matoke
13957916194498980767.jpg,matoke
5312408548623099793.jpg,matoke
11079796085361065317.jpg,matoke
14542091352150712102.jpg,nyamachoma
3609108279531302134.jpg,matoke
12816264944833013721.jpg,matoke
10364628891292215286.jpg,matoke
10167444174484939993.jpg,nyamachoma
13373868820710903194.jpg,matoke
17177855810863632504.jpg,matoke
6884826951599795175.jpg,matoke
1174247532507103283.jpg,matoke
8074959968013521342.jpg,matoke
16631107634181700801.jpg,nyamachoma
14503664762346347895.jpg,nyamachoma
3306935610368657770.jpg,nyamachoma
4453944119038229285.jpg,githeri
11609818703397893644.jpg,matoke
17541793846121032654.jpg,nyamachoma
1413491267736237828.jpg,matoke
5640441215423128996.jpg,matoke
11158798791507354940.jpg,matoke
2462903048737553185.jpg,matoke
6131236831391510211.jpg,matoke
17224247491032553528.jpg,matoke
1085792071419706511.jpg,nyamachoma
7623826795844332174.jpg,nyamachoma
15020646111049793044.jpg,matoke
4308109774443930579.jpg,nyamachoma
15596358233125936287.jpg,nyamachoma
7440839796882776885.jpg,nyamachoma
2614573750537076904.jpg,matoke
9229227572499429923.jpg,nyamachoma
16081955052396515352.jpg,matoke
9261063777481359695.jpg,nyamachoma
13942675409217947095.jpg,matoke
11161592484022752993.jpg,matoke
7627405327067610943.jpg,matoke
2984836545245190340.jpg,matoke
4488742584997394445.jpg,matoke
8850638967410431072.jpg,matoke
8900969075260160298.jpg,matoke
3654748241539932415.jpg,nyamachoma
16359624726774465653.jpg,nyamachoma
10208281714289280088.jpg,nyamachoma
2982179634770272328.jpg,githeri
13939825492558018160.jpg,matoke
8026531078427276542.jpg,nyamachoma
10373288511046020375.jpg,matoke
428265386858000961.jpg,nyamachoma
12070983743458305916.jpg,matoke
15227681188007686480.jpg,matoke
12038492551581814157.jpg,nyamachoma
10483801740458139427.jpg,nyamachoma
15582042505718620717.jpg,githeri
12732485253443099573.jpg,nyamachoma
255345077539163246.jpg,matoke
15721642928858865483.jpg,matoke
672954769923018165.jpg,matoke
14477917280356845903.jpg,nyamachoma
3325918639776174273.jpg,nyamachoma
15910854737137573329.jpg,matoke
11311150889517097196.jpg,matoke
2994286387103322179.jpg,nyamachoma
11554647870369242755.jpg,matoke
10012948178928844973.jpg,nyamachoma
230968931011229920.jpg,nyamachoma
11272422573892563227.jpg,nyamachoma
12505734476673450526.jpg,nyamachoma
11870644920926774302.jpg,nyamachoma
3260325480167148205.jpg,nyamachoma
7239545575946200807.jpg,nyamachoma
1151340011619121945.jpg,matoke
4295620720041118240.jpg,matoke
222229413783018438.jpg,matoke
4536714170584418454.jpg,matoke
16958253624924284721.jpg,matoke
14344454081637602716.jpg,nyamachoma
362020298287397748.jpg,matoke
14335091147100010464.jpg,matoke
3767803558849581161.jpg,matoke
3937260071244987580.jpg,matoke
8776845394410171414.jpg,matoke
3476099940806487873.jpg,matoke
5118495218558568758.jpg,matoke
9334312099345027849.jpg,matoke
7178625613847295996.jpg,mukimo
17434792391398283853.jpg,matoke
3970747162106311276.jpg,matoke
508939443277112215.jpg,matoke
6827686749052556610.jpg,matoke
5301403657601924172.jpg,matoke
8061768398722356164.jpg,nyamachoma
16530947211268098698.jpg,matoke
3212144336039033436.jpg,matoke
15531978135341164318.jpg,matoke
15753219093765952776.jpg,matoke
11955422321727122681.jpg,matoke
6187751657099179839.jpg,matoke
3859803597881531662.jpg,matoke
1624420788151593262.jpg,matoke
5704150953485322846.jpg,matoke
2750782705803875399.jpg,matoke
1809594897324964994.jpg,githeri
2906555109236171415.jpg,nyamachoma
8016946327877005412.jpg,matoke
570418296745250296.jpg,matoke
2759563430117839769.jpg,matoke
8191689196361054462.jpg,nyamachoma
16460555439699581499.jpg,nyamachoma
9729316094332948059.jpg,matoke
15869416440044504815.jpg,nyamachoma
14370130138336302583.jpg,nyamachoma
16360053100243637554.jpg,githeri
5226019996200340291.jpg,nyamachoma
6317831331282602489.jpg,matoke
1780765580077424678.jpg,matoke
8648755337955970438.jpg,matoke
8963499626222449785.jpg,matoke
15010453219563633688.jpg,nyamachoma
17076771111771916276.jpg,matoke
8103186216717651954.jpg,nyamachoma
3335514176966232088.jpg,matoke
3806552847544798528.jpg,matoke
9983001519243515734.jpg,nyamachoma
13740848199373029732.jpg,nyamachoma
12759250811951168964.jpg,nyamachoma
14081566878889776236.jpg,matoke
7256293637806766755.jpg,matoke
10042452200113370715.jpg,nyamachoma
4736115185826833796.jpg,matoke
10146855953709637313.jpg,nyamachoma
9963874194584857281.jpg,matoke
963922924980847426.jpg,matoke
3131639720496569985.jpg,matoke
12221502945528211143.jpg,matoke
4076570994290712712.jpg,matoke
15111563051992581074.jpg,matoke
6123138375555250273.jpg,matoke
11473820028228799385.jpg,matoke
9502859232079638737.jpg,matoke
12822984801274962169.jpg,bhaji
17733287478139414916.jpg,nyamachoma
1371344754900764852.jpg,matoke
2556007834836133576.jpg,nyamachoma
1723962232858790187.jpg,matoke
18033263504731551310.jpg,matoke
3485167173366413063.jpg,matoke
13163766597204316175.jpg,matoke
9469542854685140180.jpg,matoke
10417461014938569051.jpg,matoke
1101086852112914815.jpg,matoke
17965719205558860536.jpg,nyamachoma
915716063629455546.jpg,matoke
12835348423889232535.jpg,nyamachoma
3730385426221707129.jpg,nyamachoma
9471564244625665357.jpg,nyamachoma
11804294007543250675.jpg,matoke
11443566797673901824.jpg,matoke
13738694436628663675.jpg,matoke
3538716093069127154.jpg,matoke
11152145487391213387.jpg,nyamachoma
18004644678378107263.jpg,nyamachoma
5356515681973765891.jpg,matoke
9056719094847129624.jpg,matoke
9417117825994295366.jpg,nyamachoma
11797153860402397545.jpg,matoke
12762109995665584616.jpg,matoke
13967636354169271196.jpg,nyamachoma
4662318703558052158.jpg,matoke
6433620700259351571.jpg,matoke
11418020780046484746.jpg,matoke
12364512757094615843.jpg,matoke
12793253785941933396.jpg,matoke
17160973393552648717.jpg,matoke
8230932254073290359.jpg,githeri
2398737898495864609.jpg,nyamachoma
2431745078513709323.jpg,matoke
17850164114256913036.jpg,matoke
13111176240809360370.jpg,matoke
12348877400293200158.jpg,matoke
4527137191328522305.jpg,nyamachoma
5615659193278901962.jpg,matoke
9297875840369057514.jpg,githeri
3439309440104164133.jpg,matoke
15804995223901481463.jpg,matoke
14784080218898399737.jpg,matoke
9335523107845893319.jpg,nyamachoma
13919137189054992730.jpg,matoke
6221204522669679284.jpg,matoke
12422873183785263624.jpg,matoke
10602126542081344456.jpg,nyamachoma
9610706368676739838.jpg,nyamachoma
13211555919876126779.jpg,matoke
14790279085155594495.jpg,githeri
10061861767693484137.jpg,matoke
2578452281794353236.jpg,matoke
6474563962167795174.jpg,matoke
17210534352979300296.jpg,nyamachoma
12581217044189412164.jpg,nyamachoma
2777413882033489073.jpg,githeri
14788469385970563138.jpg,matoke
952577651521651908.jpg,matoke
6572056070648508463.jpg,matoke
6944806154832152747.jpg,matoke
6320387480973366855.jpg,matoke
4108683361318090080.jpg,matoke
15307323044021690827.jpg,matoke
5963029213602578163.jpg,nyamachoma
2135118803618397401.jpg,nyamachoma
1618978818159102165.jpg,matoke
18133551717905815019.jpg,nyamachoma
4448877871951946103.jpg,matoke
11526617272571493157.jpg,nyamachoma
2737472420388577697.jpg,nyamachoma
14113208918002127606.jpg,matoke
6885420010283575441.jpg,nyamachoma
5033867424761892611.jpg,matoke
10266902659295083441.jpg,matoke
16728558560904016227.jpg,matoke
3722135454471393378.jpg,matoke
6721340132611899062.jpg,matoke
15162516103725235494.jpg,nyamachoma
17540338176687178800.jpg,matoke
13227099242459268271.jpg,matoke
7006405851530073117.jpg,nyamachoma
1532086957913213704.jpg,matoke
1922836329278091291.jpg,matoke
12996544507914608881.jpg,nyamachoma
3122564352120926217.jpg,matoke
14113767254285658937.jpg,nyamachoma
9422350258431419063.jpg,matoke
4039630903490244078.jpg,nyamachoma
14474177846666819107.jpg,nyamachoma
8456894392691479660.jpg,matoke
15646603959260555168.jpg,matoke
520360633524368281.jpg,matoke
11117759125338559636.jpg,matoke
16727233800936938420.jpg,matoke
17542312725499552915.jpg,githeri
13438310602385921393.jpg,matoke
15799150417003083830.jpg,nyamachoma
11091193550656819941.jpg,matoke
7100011903375021356.jpg,matoke
9672465547754304110.jpg,matoke
18301443123716145874.jpg,nyamachoma
2400324415447056269.jpg,matoke
12290676955087800036.jpg,matoke
6748713348847921569.jpg,nyamachoma
14853373379261363545.jpg,matoke
6232636558598944983.jpg,nyamachoma
10506683434231810860.jpg,matoke
8616441553972924483.jpg,matoke
12823018413701037577.jpg,matoke
13607305395420305804.jpg,githeri
16423264267335797272.jpg,nyamachoma
2660108674373407180.jpg,nyamachoma
7506823032637888067.jpg,nyamachoma
14907600478035390244.jpg,nyamachoma
15343688871541190605.jpg,nyamachoma
6314096715012043755.jpg,nyamachoma
3697052806271570355.jpg,matoke
7095296847973937600.jpg,nyamachoma
2097783291071828587.jpg,matoke
7103438760162678607.jpg,nyamachoma
6826495855915914764.jpg,githeri
8895222580200402487.jpg,nyamachoma
17061045588500783654.jpg,matoke
18403792039170642555.jpg,matoke
5436218500909318162.jpg,nyamachoma
7090335710586585180.jpg,matoke
12364679000028286569.jpg,matoke
13343190060226671342.jpg,githeri
18361632310508725159.jpg,nyamachoma
3328432290728190309.jpg,matoke
4013878968969303649.jpg,matoke
342254884294343427.jpg,matoke
13000400453951407825.jpg,matoke
5299368598670376053.jpg,nyamachoma
8613586079450983046.jpg,matoke
17229050710209913384.jpg,githeri
2787489864413511046.jpg,matoke
13551920298083453325.jpg,matoke
4514822777811323246.jpg,bhaji
8082017208962233056.jpg,nyamachoma
8959879861829815440.jpg,matoke
4574080512455162074.jpg,nyamachoma
10351321552509718242.jpg,matoke
10050515638223314442.jpg,nyamachoma
16950218206711962777.jpg,matoke
13983039085023766405.jpg,matoke
13391809996198129571.jpg,matoke
15781707531856133212.jpg,bhaji
3741678571648944754.jpg,matoke
18274213740130119189.jpg,matoke
2134814360785300534.jpg,matoke
7202164087137196921.jpg,nyamachoma
11562798857806808660.jpg,githeri
9609717132253400267.jpg,matoke
10851665188086144096.jpg,matoke
11299632968648331698.jpg,matoke
15791639334496722722.jpg,matoke
7866868166437123631.jpg,matoke
17582687004008127199.jpg,matoke
3128739111728374700.jpg,matoke
49403005563994236.jpg,nyamachoma
1851025771247273933.jpg,matoke
18335973065494732603.jpg,matoke
15846966106711095164.jpg,nyamachoma
13246615735617325663.jpg,nyamachoma
14828464693772588599.jpg,matoke
7897705214027162616.jpg,matoke
16316726223246099607.jpg,matoke
13379120103899527603.jpg,matoke
1180279488524772316.jpg,matoke
573125046587835375.jpg,nyamachoma
9455622265043837393.jpg,matoke
11279908218093871009.jpg,matoke
10508811797266261726.jpg,nyamachoma
7448314752935014867.jpg,githeri
17937127923183919409.jpg,matoke
13280393165872350073.jpg,nyamachoma
9987748929643127811.jpg,nyamachoma
4815300026156414451.jpg,matoke
13257074777064862244.jpg,matoke
17913487156732559719.jpg,nyamachoma
16584636308754833888.jpg,githeri
17016194531290180584.jpg,matoke
5398584390448294216.jpg,nyamachoma
17989123767488385348.jpg,matoke
8054055387939986599.jpg,matoke
2868148878746219687.jpg,matoke
3599007874642349329.jpg,nyamachoma
9985427678729282692.jpg,matoke
725507537416935234.jpg,matoke
16058389757712086067.jpg,nyamachoma
13495864791665742259.jpg,nyamachoma
3736311636193995849.jpg,matoke
7069944228201524580.jpg,nyamachoma
9987632807364869709.jpg,matoke
856873117176605906.jpg,matoke
2166028538511551797.jpg,matoke
50410635288993879.jpg,matoke
11686084625492414640.jpg,matoke
626209249074323498.jpg,matoke
3746480945065602811.jpg,nyamachoma
8396236723442605889.jpg,nyamachoma
6774158799031929280.jpg,nyamachoma
3173247370964915065.jpg,nyamachoma
2899271494059264155.jpg,nyamachoma
9454800986798553859.jpg,matoke
15450539672416277630.jpg,matoke
8172558162846207490.jpg,nyamachoma
10980071427192134186.jpg,nyamachoma
1730626924174214169.jpg,githeri
16088305652519027380.jpg,matoke
6817907151647124825.jpg,nyamachoma
8409839621855699938.jpg,matoke
18423369050123817568.jpg,matoke
5865452858445962628.jpg,matoke
15617575508956638548.jpg,nyamachoma
4781079925672478992.jpg,nyamachoma
12344218208966038964.jpg,matoke
5803177950092770827.jpg,matoke
2030571443827676888.jpg,nyamachoma
5715310691245497709.jpg,matoke
680055482946285540.jpg,matoke
12279804649668117069.jpg,matoke
16064694664829207474.jpg,nyamachoma
16271962796057438680.jpg,nyamachoma
17407164644096829758.jpg,nyamachoma
8936543358036618968.jpg,nyamachoma
12482948081733083879.jpg,nyamachoma
6036690809816550455.jpg,nyamachoma
15774509175386121072.jpg,nyamachoma
12762169892358287662.jpg,matoke
2964378868624553887.jpg,matoke
10791629834287363649.jpg,matoke
7861531088572184030.jpg,matoke
11039340225427856921.jpg,matoke
3839504197347153473.jpg,matoke
8164115707597442635.jpg,matoke
2442513301859160452.jpg,githeri
11286894758093276309.jpg,nyamachoma
17247439826935206669.jpg,nyamachoma
12472035486303806404.jpg,bhaji
8864383204038916157.jpg,nyamachoma
9477063447395541099.jpg,matoke
1784551336321293786.jpg,matoke
12962763238398627359.jpg,matoke
9467059876051046537.jpg,nyamachoma
12796141440678518689.jpg,nyamachoma
9374173984992004674.jpg,nyamachoma
1960736986207771305.jpg,matoke
13727972974186781687.jpg,matoke
15853496694170956406.jpg,matoke
12413229900846481172.jpg,nyamachoma
18441800988331646093.jpg,matoke
3616415337579297693.jpg,matoke
504006006742080753.jpg,matoke
6803729141793461644.jpg,nyamachoma
14948875147957210615.jpg,matoke
4664626221851502202.jpg,githeri
6985038261533878658.jpg,matoke
152888021689291186.jpg,nyamachoma
31710090846619110.jpg,nyamachoma
13316308935725775772.jpg,matoke
10371782867175298965.jpg,nyamachoma
6809160214341311484.jpg,nyamachoma
18369579926383556965.jpg,matoke
13316815897751714618.jpg,nyamachoma
6396591038294174819.jpg,nyamachoma
6175923175697524236.jpg,matoke
14579203465964835328.jpg,matoke
2930459753345228850.jpg,matoke
11058274914593348889.jpg,matoke
11272386488542472488.jpg,matoke
14396271323363876211.jpg,matoke
9106567487865259649.jpg,matoke
4083897169402282908.jpg,nyamachoma
10536300270659742242.jpg,nyamachoma
1524324381998951814.jpg,matoke
13889356072858768081.jpg,matoke
13046092059779174320.jpg,matoke
9147118515029059717.jpg,nyamachoma
4884908715746681179.jpg,nyamachoma
17000302746108182251.jpg,nyamachoma
18042403032976536971.jpg,nyamachoma
5849146165974862944.jpg,nyamachoma
16928409432073245315.jpg,nyamachoma
2015899692617252429.jpg,matoke
17980027642878552332.jpg,matoke
6555923592586729371.jpg,nyamachoma
17229523467539372791.jpg,matoke
1655820056990082835.jpg,nyamachoma
11454517292593001511.jpg,matoke
11947190595166529551.jpg,matoke
11351098185926786646.jpg,nyamachoma
5528771884209068889.jpg,nyamachoma
6468009430467410364.jpg,matoke
3760226432429706262.jpg,nyamachoma
1253171383327810313.jpg,nyamachoma
10203541511031933373.jpg,nyamachoma
16191886429617726763.jpg,matoke
16761524033244008930.jpg,matoke
16469299669885562719.jpg,matoke
9836734105723430015.jpg,matoke
15505174384778606562.jpg,matoke
10017203437761541280.jpg,matoke
13439795037187141784.jpg,matoke
12514819892510253670.jpg,matoke
1715463350291711070.jpg,githeri
7408919968790131218.jpg,matoke
13940458653671796544.jpg,matoke
7181469353547598878.jpg,matoke
17279393350855499335.jpg,nyamachoma
3759358383312981210.jpg,nyamachoma
17642519064997669291.jpg,matoke
4288033394674623641.jpg,nyamachoma
7151547404252358136.jpg,matoke
1868109317692894922.jpg,nyamachoma
12327116534611590760.jpg,nyamachoma
12903887034410917010.jpg,nyamachoma
13688545282406807934.jpg,matoke
3316494615418634845.jpg,matoke
17207040581827766683.jpg,matoke
2919934771304300737.jpg,matoke
3198151528461368244.jpg,nyamachoma
10103763181844518961.jpg,matoke
5166134352301815123.jpg,matoke
7885935125002285873.jpg,matoke
18007961739551904029.jpg,matoke
15173096783841936558.jpg,nyamachoma
13036738916593120738.jpg,nyamachoma
10354662323938476449.jpg,githeri
11787766096002607097.jpg,matoke
4863960643351143772.jpg,matoke
5379328535279917121.jpg,matoke
3509130205054570497.jpg,nyamachoma
5401219456540441384.jpg,matoke
16068045086028911094.jpg,nyamachoma
9173210393871356667.jpg,matoke
8577455264185261616.jpg,matoke
10984765358796854556.jpg,nyamachoma
13354030671879228104.jpg,nyamachoma
10264960019373316310.jpg,nyamachoma
12639031659766357988.jpg,matoke
17999040034330114797.jpg,matoke
9242841675443842119.jpg,matoke
16090370659377724717.jpg,nyamachoma
1674572457225651955.jpg,nyamachoma
3409984155490683946.jpg,nyamachoma
7046126591494148881.jpg,nyamachoma
15242087691161580527.jpg,mukimo
2344080195093898777.jpg,nyamachoma
7167836781426065095.jpg,matoke
11853808499021519488.jpg,matoke
12162992756092840108.jpg,nyamachoma
12845086906581581025.jpg,nyamachoma
15032902680516105433.jpg,matoke
16284339368408617325.jpg,nyamachoma
2486102806187217563.jpg,matoke
16952847848158134734.jpg,matoke
5939975296624036988.jpg,githeri
10176356153835566581.jpg,matoke
16441050918723849392.jpg,matoke
10210408058411103472.jpg,githeri
6835424573932973161.jpg,matoke
1416608071633996509.jpg,matoke
634042432987635792.jpg,matoke
16430359035991942160.jpg,matoke
8330157423714725352.jpg,nyamachoma
9437425600945167740.jpg,nyamachoma
17449231579446717630.jpg,nyamachoma
10320356927600389905.jpg,nyamachoma
4542791172190032569.jpg,nyamachoma
1900569551459176603.jpg,matoke
11509772022735648272.jpg,matoke
3573821196976400483.jpg,nyamachoma
5532429127410230523.jpg,matoke
17396465452706938130.jpg,matoke
10620358370202923405.jpg,matoke
5647013290092490464.jpg,nyamachoma
3693123110362606542.jpg,nyamachoma
15752312655350223308.jpg,matoke
5626042837239935474.jpg,matoke
12687387531012590726.jpg,nyamachoma
17303778962142622943.jpg,bhaji
15998400115613049600.jpg,matoke
15607329917012448646.jpg,matoke
9831451002903685171.jpg,nyamachoma
474071178898557641.jpg,matoke
2126561920171109649.jpg,matoke
17720302108385555487.jpg,githeri
1923401634727571601.jpg,bhaji
13405159931727864910.jpg,nyamachoma
8127640645858525485.jpg,nyamachoma
8141814740350368807.jpg,githeri
1956655081026942891.jpg,matoke
3042354874029001686.jpg,nyamachoma
12001296101416377746.jpg,nyamachoma
4340211636883298006.jpg,matoke
14910815778585905462.jpg,matoke
1073763521135295622.jpg,matoke
15310154059733998478.jpg,matoke
104956647675820356.jpg,matoke
1703023458869847812.jpg,nyamachoma
2860081108466158644.jpg,nyamachoma
13790341694227572531.jpg,nyamachoma
4232555077097322163.jpg,matoke
18332631937920626674.jpg,matoke
9886588510475065022.jpg,matoke
5617948646673360638.jpg,matoke
16533487991386443846.jpg,nyamachoma
6883789201449454369.jpg,githeri
10700319438606129328.jpg,nyamachoma
18103661662374264683.jpg,nyamachoma
12320624771371620611.jpg,matoke
14301458430728614216.jpg,matoke
2068150118026101102.jpg,matoke
14651396983149172235.jpg,matoke
7276441722201816177.jpg,matoke
13030474542176117586.jpg,matoke
8414147426878290177.jpg,matoke
7691051705431832854.jpg,nyamachoma
3358463591943382311.jpg,matoke
4773423775489923214.jpg,nyamachoma
7041581166084582091.jpg,nyamachoma
9832390943181770096.jpg,matoke
2344461873770014309.jpg,matoke
9732487811157129771.jpg,nyamachoma
6126850685754045171.jpg,matoke
10582487494537163215.jpg,githeri
9139446976204937428.jpg,nyamachoma
9048682720469804615.jpg,nyamachoma
5701517396600178856.jpg,nyamachoma
11683136514686159716.jpg,nyamachoma
12445059029864140012.jpg,nyamachoma
5277804077053234867.jpg,bhaji
13132651776640899968.jpg,nyamachoma
12791160987897779976.jpg,matoke
4916207054427461956.jpg,matoke
11660516594270309605.jpg,nyamachoma
18153554256201967999.jpg,nyamachoma
16003046902247218372.jpg,nyamachoma
12568830030170575694.jpg,matoke
17428083461665746253.jpg,matoke
6392045152143226394.jpg,matoke
12467060892843811929.jpg,nyamachoma
15307304429787502647.jpg,matoke
9884636669960822870.jpg,nyamachoma
16516137224955958547.jpg,matoke
4675713817521127585.jpg,matoke
14897899541660122499.jpg,nyamachoma
51494649589090308.jpg,nyamachoma
17111282132647759228.jpg,matoke
5075160390735639919.jpg,matoke
11171609565143950113.jpg,matoke
1265667290428250027.jpg,nyamachoma
8747656756251649952.jpg,matoke
6932804917731113281.jpg,matoke
5931093642152129384.jpg,bhaji
8700071077557855382.jpg,nyamachoma
16137372327796350145.jpg,matoke
13487503338633620941.jpg,githeri
4475076427427447820.jpg,matoke
16650485826744610229.jpg,matoke
15975300486287559149.jpg,nyamachoma
15403420818112465789.jpg,matoke
14304015679813543844.jpg,matoke
1876803055874027339.jpg,matoke
8907702443903089711.jpg,matoke
2367521501285813244.jpg,nyamachoma
18399057617990862415.jpg,matoke
12271621435591006611.jpg,matoke
8075343263870747236.jpg,matoke
13541846575085077717.jpg,nyamachoma
9297162226731417425.jpg,nyamachoma
6028165130408873509.jpg,matoke
10243624299955586797.jpg,nyamachoma
526253667495571389.jpg,matoke
8878583122904013188.jpg,matoke
7462047412345243641.jpg,nyamachoma
9545574305615988973.jpg,matoke
6572065594817411630.jpg,matoke
16240294111417736364.jpg,matoke
8465211282352040108.jpg,nyamachoma
9942288394895695942.jpg,matoke
5516465342013907071.jpg,matoke
7849831477170514970.jpg,matoke
8171659330960222196.jpg,matoke
724438230758064224.jpg,matoke
4893338428504341540.jpg,chapati
2600769511702945169.jpg,nyamachoma
18035688642552147908.jpg,matoke
17914231228109970366.jpg,nyamachoma
12572693452350169998.jpg,nyamachoma
1853546307740129133.jpg,matoke
12928607961960439678.jpg,nyamachoma
16858989850871977407.jpg,nyamachoma
6376087942682676417.jpg,nyamachoma
2865476282435938383.jpg,matoke
6577629572379922315.jpg,nyamachoma
10053968366178130571.jpg,nyamachoma
18262332427659754923.jpg,bhaji
14736377393501259014.jpg,matoke
4238243495643826678.jpg,githeri
4438330163417144962.jpg,nyamachoma
17647919880829694060.jpg,matoke
15724177877360668352.jpg,githeri
8818144310971459792.jpg,nyamachoma
1013952166807497168.jpg,matoke
12455267876915175342.jpg,nyamachoma
16207772984496375986.jpg,matoke
15611581128678721814.jpg,matoke
6425577949886947667.jpg,matoke
9205129777381640635.jpg,nyamachoma
11791724966108167231.jpg,matoke
15055844595530745526.jpg,matoke
4321845221603757100.jpg,nyamachoma
14037709158029880395.jpg,matoke
1427143001731403449.jpg,chapati
4297934370841092623.jpg,matoke
3061291508623918281.jpg,nyamachoma
2898165480889255917.jpg,nyamachoma
411417267119446365.jpg,matoke
2077040088870774841.jpg,nyamachoma
17721024324489212453.jpg,matoke
15040030949411171384.jpg,nyamachoma
5053722403418721391.jpg,matoke
8906369937087635611.jpg,matoke
4352692247159387740.jpg,matoke
13938600820860208169.jpg,matoke
14923927546545724500.jpg,matoke
17991507866984729258.jpg,nyamachoma
4581212182778854911.jpg,matoke
15612567078362920839.jpg,matoke
16184090265294880026.jpg,nyamachoma
38444303136476172.jpg,nyamachoma
16856724721935104840.jpg,matoke
2340955473066890850.jpg,nyamachoma
16759206379836099311.jpg,matoke
11443150436196590511.jpg,nyamachoma
3998548012278459275.jpg,matoke
1710087518209128715.jpg,nyamachoma
15102386848949584409.jpg,matoke
10853008516383035203.jpg,bhaji
10826072273851009499.jpg,nyamachoma
2892826273970616039.jpg,matoke
14884867738484362016.jpg,matoke
7300707897886061279.jpg,matoke
6270972093551642711.jpg,nyamachoma
8167890009429408947.jpg,matoke
8494908487746813132.jpg,matoke
5797740278684476588.jpg,matoke
1268853060970168600.jpg,matoke
17194171674521480016.jpg,nyamachoma
410767713291632782.jpg,matoke
14070496070439832295.jpg,matoke
15461336456581749050.jpg,matoke
4710262463064487129.jpg,matoke
8932484243665204162.jpg,matoke
17793511006924940690.jpg,nyamachoma
2447819354520689764.jpg,matoke
18204843003659860818.jpg,nyamachoma
11305592030899710835.jpg,nyamachoma
8442556265306306568.jpg,githeri
4180937810920678671.jpg,nyamachoma
14568481059975767541.jpg,bhaji
7176457125199583272.jpg,matoke
15837883805851084503.jpg,matoke
2620049146288720225.jpg,matoke
14682022971419658088.jpg,nyamachoma
1997554936120204315.jpg,matoke
10512852557571437074.jpg,nyamachoma
10815116019028231574.jpg,nyamachoma
17405823518480242573.jpg,matoke
1650418735303575021.jpg,nyamachoma
6071631426721779370.jpg,nyamachoma
15490707535641028515.jpg,matoke
2853626786531852273.jpg,matoke
358981381902316105.jpg,nyamachoma
15246833662796709148.jpg,nyamachoma
3711403687064729885.jpg,matoke
4431928630435222523.jpg,matoke
6318123193382700060.jpg,nyamachoma
18309647083736534668.jpg,matoke
15529833818405966637.jpg,matoke
1338531362454450346.jpg,nyamachoma
12321092172142397531.jpg,nyamachoma
18301498140599740250.jpg,nyamachoma
10195507108269262644.jpg,matoke
5270117258795090888.jpg,nyamachoma
13004884250122536899.jpg,matoke
11914506071616812775.jpg,matoke
5054760914983930526.jpg,nyamachoma
4724828799594768838.jpg,matoke
5991642280840420094.jpg,nyamachoma
11211894933215739524.jpg,nyamachoma
2471255497063470064.jpg,githeri
1634677067926052168.jpg,matoke
18119167464207084546.jpg,matoke
2200281231231374883.jpg,nyamachoma
21777686455352971.jpg,matoke
9355850566771046766.jpg,matoke
5329791121973914714.jpg,matoke
8169398357497609509.jpg,matoke
4115855569707467526.jpg,matoke
743012228932996608.jpg,nyamachoma
13392872177502096557.jpg,nyamachoma
16347512959885457500.jpg,nyamachoma
3369988945783950068.jpg,matoke
15533621051618586637.jpg,nyamachoma
11745018387233210534.jpg,matoke
16702924748016195659.jpg,nyamachoma
9081695650731655657.jpg,nyamachoma
15186846494439417666.jpg,matoke
11857063416583993569.jpg,matoke
15094209723693830648.jpg,matoke
15270725996382649745.jpg,matoke
7636321304474614897.jpg,matoke
6036422990637343334.jpg,matoke
14381175113183798313.jpg,matoke
16163698595106064783.jpg,githeri
14147686517222502987.jpg,matoke
10723558968331143654.jpg,matoke
17369887714922783958.jpg,nyamachoma
7292013769757473790.jpg,githeri
14542278034613981489.jpg,matoke
1454430129030544281.jpg,githeri
5119270676735881810.jpg,matoke
1332419927557888525.jpg,matoke
13334162841330420370.jpg,nyamachoma
14028842691736739333.jpg,matoke
15376301611496608511.jpg,matoke
8743806323055095643.jpg,nyamachoma
1861222934157723954.jpg,nyamachoma
9424367005659488848.jpg,matoke
12954994108174539032.jpg,githeri
14904890058669491601.jpg,matoke
11648134672858840143.jpg,matoke
16506613738506365486.jpg,nyamachoma
13250687501080686233.jpg,matoke
2445750027843907911.jpg,nyamachoma
169596052904384929.jpg,matoke
9568329440250010351.jpg,matoke
13767647365069003418.jpg,matoke
2519346873942500557.jpg,nyamachoma
13745924057774526623.jpg,matoke
14705482677872366116.jpg,matoke
16165919877839179215.jpg,matoke
7787602503367496997.jpg,nyamachoma
1327679144513531403.jpg,nyamachoma
1183733029670761680.jpg,matoke
10674321683321961133.jpg,githeri
5690943988096131409.jpg,matoke
4544978267322997814.jpg,githeri
13317272067204100182.jpg,matoke
12586310520313462797.jpg,matoke
4536620945475940566.jpg,matoke
16047648421475878169.jpg,nyamachoma
8950102329910390389.jpg,matoke
3146403483459214329.jpg,matoke
16228985468751647345.jpg,matoke
417289290762147796.jpg,matoke
15978219442538254263.jpg,nyamachoma
5513243162994020949.jpg,matoke
1759135768261014724.jpg,nyamachoma
12997476133667802748.jpg,matoke
2855642253712763651.jpg,nyamachoma
4017085193156170180.jpg,matoke
4887517735297086708.jpg,nyamachoma
6936903775384716624.jpg,githeri
2423880398079295250.jpg,nyamachoma
11735241419066753610.jpg,nyamachoma
14750003877255899680.jpg,nyamachoma
18068544492434403471.jpg,matoke
7885387890389063149.jpg,nyamachoma
4731425001968148142.jpg,githeri
18271367177168542225.jpg,matoke
10850480463793081851.jpg,nyamachoma
8623706142352855494.jpg,matoke
17564317916912636892.jpg,githeri
8091273939017284713.jpg,nyamachoma
10337523048897178851.jpg,nyamachoma
8759384690453732159.jpg,mukimo
13202364408612726373.jpg,matoke
563134102082537349.jpg,nyamachoma
420015437990293089.jpg,matoke
7596268598227627643.jpg,matoke
1704933171119356655.jpg,matoke
9262750812933300107.jpg,nyamachoma
4858510207088946382.jpg,nyamachoma
5807637199214953403.jpg,nyamachoma
18302448610371772604.jpg,matoke
15920672464676076400.jpg,matoke
3232020170382870007.jpg,nyamachoma
3094804487341098468.jpg,nyamachoma
5827342261332058667.jpg,nyamachoma
